method,species,phenotype,cv_splits,corr,cpu_mem_MB,final/all_time,final/corr_mean,final/corr_std,final/mae_mean,final/mae_std,final/mse_mean,final/mse_std,final/r2_mean,final/r2_std,fold,gpu_mem_MB,mae,mse,r2,time_sec
BayesC,Rice,GYP_BLUP,10,0.2081,1532.5507,19.2354,0.3067,0.07638,2.04103,0.2675,7.2557,2.1836,0.01001,0.1051,9,0,2.08526,6.3225,0.009612,1.6452
BayesB,Rice,GYP_BLUP,10,0.183,1501.1992,22.3288,0.3279,0.0777,1.9829,0.197,6.733,1.7043,0.06976,0.07718,9,0,2.1267,6.3802,0.000579,1.9267
BayesC,Rice,PPNP_BLUP,10,0.4631,1515.4218,59.4573,0.4317,0.106,0.8091,0.08464,1.09316,0.2621,0.1464,0.08748,9,0,0.8461,1.1901,0.1651,5.3878
BayesB,Rice,PPNP_BLUP,10,0.4374,1492.5039,29.1295,0.419,0.1085,0.8662,0.145,1.223,0.3881,0.04275,0.2271,9,0,0.876,1.225,0.1406,2.3422
BayesC,Rice,PH_BLUP,10,0.4697,1523.8125,26.4038,0.4124,0.04913,7.8275,1.05996,105.2205,29.3965,0.104,0.1438,9,0,6.7998,69.8471,0.195,1.7027
BayesB,Rice,PH_BLUP,10,0.4703,1492.4335,21.8966,0.4122,0.05658,7.8706,0.8511,106.9679,30.9861,0.09509,0.06894,9,0,7.587,85.04076,0.01996,2.3697
BayesC,Rice,HD_BLUP,10,0.3075,1472.2812,20.3343,0.5268,0.105,7.37,1.02183,85.9878,22.4689,0.1352,0.2759,9,0,9.07537,135.9085,-0.5567,1.6842
BayesC,Rice,TGW_BLUP,10,0.1514,1497.4726,19.1333,0.2516,0.1183,2.08679,0.1932,7.3988,1.6203,0.004568,0.08245,9,0,1.9311,7.3219,-0.03711,1.6749
BayesB,Rice,HD_BLUP,10,0.3626,1501.2265,44.2483,0.5229,0.0979,7.517,0.7117,87.9443,15.1098,0.1185,0.188,9,0,7.3958,88.5724,-0.01455,1.976
BayesA,Rice,GYP_BLUP,10,0.1735,1507.8359,23.4738,0.334,0.07824,1.9534,0.2221,6.5559,1.724,0.09974,0.05118,9,0,2.1038,6.416,-0.00504,1.9732
BayesC,Rice,GW_BLUP,10,0.7843,1496.7734,34.2743,0.8093,0.03508,0.1693,0.0218,0.04638,0.009956,0.5826,0.06696,9,0,0.1812,0.0498,0.6145,1.8228
BayesB,Rice,TGW_BLUP,10,0.1623,1500.4765,30.3211,0.2436,0.1096,2.1273,0.1646,7.6652,1.3994,-0.03659,0.06436,9,0,1.9299,7.2608,-0.02846,1.9884
BayesA,Rice,PPNP_BLUP,10,0.4702,1508.625,23.07649,0.4384,0.1038,0.8005,0.07315,1.05397,0.224,0.1725,0.08708,9,0,0.8283,1.1141,0.2184,1.8212
BayesC,Rice,GL_BLUP,10,0.792,1504.3281,31.01698,0.815,0.02451,0.532,0.08277,0.4966,0.14,0.5855,0.08379,9,0,0.5145,0.4804,0.5882,1.6384
BayesB,Rice,GW_BLUP,10,0.7811,1491.007812,27.8328,0.8052,0.03973,0.1721,0.02729,0.04786,0.01416,0.5707,0.09846,9,0,0.2173,0.06713,0.4804,1.7522
BayesA,Rice,PH_BLUP,10,0.4931,1473.6367,29.7616,0.4229,0.06155,7.5567,0.9182,100.7743,30.1987,0.1512,0.05436,9,0,6.5758,66.1896,0.2372,1.9177
BayesB,Rice,GL_BLUP,10,0.799,1447.1601,28.5715,0.812,0.02479,0.5176,0.04919,0.4681,0.07432,0.6042,0.06424,9,0,0.5315,0.5376,0.5392,2.5039
BayesA,Rice,HD_BLUP,10,0.3588,1482.2539,22.9367,0.5496,0.09869,6.7127,0.5739,71.588,11.8501,0.2893,0.1145,9,0,7.1363,80.7361,0.0752,1.7951
BayesA,Rice,TGW_BLUP,10,0.1668,1481.125,32.5552,0.2593,0.1105,2.02373,0.1951,7.06418,1.5386,0.05244,0.05823,9,0,1.9035,7.0006525,0.008386,1.832
BayesA,Rice,GW_BLUP,10,0.7918,1469.1484,28.4668,0.8105,0.03491,0.1543,0.01894,0.03903,0.008941,0.6498,0.05585,9,0,0.1762,0.04827,0.6263,1.8111
BayesA,Rice,GL_BLUP,10,0.8001,1450.7226,27.7736,0.8167,0.02136,0.4743,0.02822,0.4047,0.04249,0.6573,0.03507,9,0,0.4825,0.4284,0.6328,1.9174
BayesA,Mouse,Obesity.BMI,10,0.3063,2296.4726,178.3084,0.2508,0.07004,0.04577,0.003008,0.003361,0.0004734,0.04564,0.04954,9,0,0.0454,0.00333,0.08923,15.8808
BayesB,Mouse,Obesity.BMI,10,0.3029,2595.1406,178.9079,0.2497,0.0621,0.04744,0.003759,0.003608,0.0005266,-0.02546,0.07158,9,0,0.04505,0.003326,0.09055,16.9355
BayesC,Mouse,Obesity.BMI,10,0.3026,2655.1054,167.5375,0.2326,0.06619,0.04639,0.00296,0.003457,0.0004335,0.01592,0.06549,9,0,0.04559,0.003347,0.08476,16.7195
BayesA,Mouse,Anx,10,0.4054,2664.707,182.3136,0.4015,0.04745,0.3644,0.02146,0.2098,0.02393,0.1524,0.03997,9,0,0.3423,0.1841,0.1535,18.05069
BayesB,Mouse,Anx,10,0.4041,2840.2968,183.1051,0.3831,0.05818,0.3763,0.02473,0.2238,0.02966,0.09651,0.06758,9,0,0.3429,0.1861,0.1444,17.75
BayesC,Mouse,Anx,10,0.3956,2654.25,169.3737,0.3912,0.05183,0.3761,0.02528,0.2245,0.02914,0.08775,0.1316,9,0,0.426,0.2804,-0.2893,15.7215
rrBLUP,Mouse,Obesity.BMI,10,0.3029,2229.9648,138.6961,0.2479,0.06693,0.04569,0.002933,0.003334,0.000435,0.05275,0.03152,9,0,0.04535,0.003355,0.08242,13.4467
BayesA,Mouse,weight,10,0.4927,2584.8984,212.6261,0.4603,0.02632,2.435,0.1212,8.9647,0.7706,0.2078,0.02625,9,0,2.3347,8.489,0.2424,17.9906
BayesC,Mouse,weight,10,0.4973,2407.1875,203.3353,0.4466,0.0309,2.536,0.1684,9.7643,1.09409,0.1363,0.07949,9,0,2.3509,8.4528,0.2457,18.6935
BayesB,Mouse,weight,10,0.5113,2641.3007,225.1768,0.4785,0.02871,2.4804,0.1688,9.3045,1.1422,0.1781,0.07582,9,0,2.3408,8.3606,0.2539,18.458
rrBLUP,Mouse,Anx,10,0.412,2100.0664,123.527,0.4025,0.04822,0.3634,0.02091,0.2091,0.02365,0.1553,0.03642,9,0,0.3413,0.1828,0.1595,16.09295
rrBLUP,Mouse,weight,10,0.4797,2048.1054,116.7264,0.4483,0.02942,2.4578,0.1069,9.07865,0.7327,0.1974,0.02738,9,0,2.3865,8.6356,0.2293,16.4154
BayesC,Wheat,Adj.Grain.Yield,10,0.4382,13219.9687,1628.8565,0.4779,0.02572,366.7976,10.9965,2.217e+5,13289.3674,0.2191,0.02528,9,0,366.3386,2.2544e+5,0.1831,152.08253
BayesA,Wheat,Adj.Grain.Yield,10,0.4528,12246.6445,1890.953,0.4982,0.02974,359.6516,10.4779,2.1373e+5,12678.9612,0.2469,0.03051,9,0,363.2587,2.2117e+5,0.1986,185.8452
BayesB,Wheat,Adj.Grain.Yield,10,0.451,16047.1679,1740.04011,0.4932,0.03094,362.4051,11.1979,2.1711e+5,12382.8518,0.2349,0.03099,9,0,367.1735,2.2305e+5,0.1918,179.7575
BayesC,Wheat,deregressed.blups,10,0.4401,11998.7226,1642.5596,0.4777,0.02715,367.1639,9.8771,2.2313e+5,11181.1605,0.2134,0.03404,9,0,365.4131,2.2323e+5,0.1911,150.8444
BayesB,Wheat,deregressed.blups,10,0.4528,12725.6523,1746.7433,0.4953,0.02924,361.7321,10.6386,2.1689e+5,12245.5118,0.2358,0.02839,9,0,364.9607,2.2212e+5,0.1952,180.3829
BayesA,Wheat,deregressed.blups,10,0.4533,11953.3515,1887.548,0.4989,0.02987,359.4938,10.4883,2.1351e+5,12506.7074,0.2477,0.03064,9,0,363.2779,2.2089e+5,0.1996,179.8675
BayesC,Wheat,blups,10,0.4412,15646.3867,1621.8272,0.4802,0.03246,233.6738,7.9982,89675.7365,5177.5475,0.2019,0.04263,9,0,242.4571,94962.8714,0.1303,155.4223
BayesB,Wheat,blups,10,0.4477,12393.871,1743.8669,0.4953,0.03083,228.3468,7.03305,85918.7976,5284.806,0.2357,0.03525,9,0,230.1645,88420.1238,0.1903,169.3342
BayesA,Wheat,blups,10,0.4531,12224.7812,1877.07986,0.4988,0.03005,226.2599,6.6698,84610.03712,5098.8229,0.2475,0.03097,9,0,229.02775,87602.3062,0.1978,198.5529
BayesC,Chickpea,Yield,10,0.4551,10986.6367,1893.5043,0.4635,0.04835,414.4387,23.4023,2.6463e+5,27745.7883,0.17,0.06064,9,0,429.3728,2.8854e+5,0.1113,183.323
BayesC,Chickpea,Yield_per_plant,10,0.2852,10001.6601,1895.5101,0.1607,0.06647,4.568,0.2282,33.1352,2.832,-0.02722,0.06791,9,0,4.33,28.8089,0.06467,188.5608
BayesA,Chickpea,Yield,10,0.4678,7572.5039,2066.1749,0.462,0.04326,405.5541,19.9205,2.5231e+5,22704.4708,0.2083,0.04341,9,0,404.003464,2.5405e+5,0.2176,203.3193
BayesB,Chickpea,Yield,10,0.4485,10323.25,2023.8342,0.465,0.04348,426.9752,28.4611,2.7472e+5,37226.2042,0.1346,0.1307,9,0,413.2984,2.6224e+5,0.1923,211.3835
BayesC,Chickpea,Seeds_per_pod,10,0.3914,11620.4492,1968.9004,0.3744,0.02863,0.2092,0.01323,0.07234,0.007168,0.04511,0.07007,9,0,0.2093,0.08666,-0.04123,190.8472
BayesA,Chickpea,Yield_per_plant,10,0.2091,6252.01953,2042.6821,0.1393,0.05808,4.444,0.1654,32.2179,3.1497,0.003742,0.02817,9,0,4.4002,29.5246,0.04144,202.357
BayesB,Chickpea,Yield_per_plant,10,0.1847,10856.9062,1957.5342,0.13,0.06358,4.9793,0.5398,40.6803,10.1508,-0.2483,0.2385,9,0,4.9912,36.8647,-0.1968,200.1648
BayesC,Chickpea,Basal_secondary_branch,10,0.3221,9486.5859,1974.3631,0.3028,0.07472,1.08253,0.06138,1.8525,0.1962,0.06283,0.05396,9,0,1.06183,1.7962,0.08921,203.6225
BayesA,Chickpea,Seeds_per_pod,10,0.4404,9986.2695,2076.182,0.3765,0.02831,0.2049,0.006743,0.06552,0.004914,0.1352,0.02329,9,0,0.2068,0.06728,0.1915,217.5242
BayesB,Chickpea,Seeds_per_pod,10,0.4193,10323.4335,1970.0239,0.3808,0.02971,0.2156,0.01335,0.07506,0.01389,0.01073,0.1557,9,0,0.2125,0.06904,0.1703,190.7489
BayesC,Chickpea,Basal_primary_branch,10,0.2511,11086.9804,1975.8931,0.1999,0.05599,0.5833,0.0486,0.5488,0.08086,-0.03765,0.1231,9,0,0.6156,0.6335,-0.01354,199.3286
BayesA,Chickpea,Basal_secondary_branch,10,0.3122,9883.7265,2033.1945,0.3124,0.05834,1.06077,0.04959,1.7911,0.1404,0.0922,0.04216,9,0,1.05871,1.7879,0.0934,200.8218
BayesB,Chickpea,Basal_secondary_branch,10,0.3324,10323.3359,1995.2617,0.311,0.05389,1.1113,0.04511,1.9604,0.167,0.002621,0.1067,9,0,1.04469,1.7543,0.1104,196.858
BayesC,Chickpea,Apical_secondary_branch,10,0.269,6819.2617,1921.1878,0.2875,0.02952,1.5176,0.1145,3.7257,0.6327,0.02478,0.0908,9,0,1.4208,3.364,0.05824,199.6194
BayesA,Chickpea,Basal_primary_branch,10,0.2356,9979.4726,2097.2225,0.1924,0.05691,0.5619,0.02458,0.5136,0.04983,0.02866,0.0299,9,0,0.5957,0.5916,0.05349,201.4145
BayesB,Chickpea,Basal_primary_branch,10,0.233,10856.25,2017.01313,0.193,0.04252,0.5914,0.04029,0.5649,0.06652,-0.06983,0.1014,9,0,0.6081,0.5959,0.04657,208.1049
BayesC,Chickpea,Apical_primary_branch,10,0.1344,10192.832,1910.3942,0.08079,0.06488,0.5604,0.04002,0.5407,0.05673,-0.06869,0.1026,9,0,0.5443,0.4721,-0.0123,189.5763
BayesA,Chickpea,Apical_secondary_branch,10,0.2686,7852.332,2249.2925,0.3001,0.04249,1.4755,0.06846,3.4941,0.3376,0.08064,0.03393,9,0,1.453,3.3876,0.05162,201.1459
BayesB,Chickpea,Apical_secondary_branch,10,0.2756,7121.9687,2368.3752,0.2868,0.03722,1.5352,0.09579,3.7982,0.4668,0.0003577,0.091,9,0,1.5418,4.1163,-0.1523,203.6105
BayesC,Chickpea,Plant_width,10,0.4664,10553.3085,2312.05774,0.4188,0.02356,7.1549,0.5789,80.9511,13.02074,0.09792,0.1403,9,0,6.3401,63.9658,0.2152,186.08888
BayesA,Chickpea,Apical_primary_branch,10,0.0822,9995.4453,2860.5393,0.07218,0.05393,0.5457,0.02221,0.5141,0.03927,-0.01471,0.02242,9,0,0.543,0.4705,-0.009015,287.6457
BayesC,Chickpea,Flowering_duration,10,0.2573,8986.2304,2555.003194,0.2328,0.03389,6.1037,0.3845,57.2783,8.7328,-0.0282,0.1064,9,0,6.2318,59.2314,-0.01219,239.4768
BayesB,Chickpea,Apical_primary_branch,10,0.06753,10769.2187,2662.1265,0.0644,0.06209,0.5702,0.06101,0.5618,0.09593,-0.1111,0.191,9,0,0.5504,0.4993,-0.07066,225.8132
rrBLUP,Wheat,Adj.Grain.Yield,10,0.4435,12973.8242,5444.9979,0.4884,0.02996,361.5561,10.4887,2.1639e+5,12665.8191,0.2376,0.02951,9,0,364.06716,2.2292e+5,0.1923,552.9464
BayesA,Chickpea,Plant_width,10,0.4541,8976.08984,2775.9957,0.4147,0.0326,6.8797,0.306,74.7881,5.2578,0.1667,0.0317,9,0,6.3815,64.9385,0.2033,272.136
BayesC,Chickpea,Hundred_seed_weight,10,0.6382,10616.8007,2594.7568,0.6283,0.02599,5.9456,0.6779,61.5556,8.9858,0.3357,0.09231,9,0,5.9101,55.3384,0.3707,249.3382
BayesB,Chickpea,Plant_width,10,0.4634,10381.09765,2758.5019,0.4121,0.03198,6.9968,0.3325,77.02797,6.06874,0.142,0.04245,9,0,6.3688,64.2179,0.2121,290.4283
BayesA,Chickpea,Flowering_duration,10,0.2481,10714.414,2746.7767,0.2441,0.02383,5.8511,0.275,52.7729,5.9889,0.05245,0.0189,9,0,5.9516,54.9623,0.06075,268.5539
BayesC,Chickpea,Pods_per_plant,10,0.4152,10840.6835,2723.2818,0.4291,0.05026,29.1119,3.4123,1314.1715,267.02692,0.06276,0.176,9,0,30.5921,1440.04359,0.1167,260.4803
BayesB,Chickpea,Flowering_duration,10,0.1954,10103.5937,2679.5583,0.2267,0.03288,6.1428,0.4752,58.8368,9.508,-0.05202,0.07179,9,0,6.03444,56.6455,0.03199,265.9244
rrBLUP,Wheat,deregressed.blups,10,0.4435,13042.2773,5350.4108,0.4884,0.02996,361.5561,10.4887,2.1639e+5,12665.8192,0.2376,0.02951,9,0,364.06716,2.2292e+5,0.1923,538.9869
BayesA,Chickpea,Hundred_seed_weight,10,0.6361,9169.7851,2656.8853,0.625,0.02995,5.5636,0.2644,56.9115,5.476,0.3862,0.04007,9,0,5.4629,52.5894,0.4019,266.9044
BayesC,Chickpea,Days_to_maturity,10,0.4968,10830.8242,2610.04065,0.4978,0.03332,9.3667,0.642,137.03567,18.5513,0.131,0.1133,9,0,9.8335,153.8198,-0.1534,245.8996
BayesB,Chickpea,Hundred_seed_weight,10,0.6281,9634.6679,2739.07115,0.623,0.02801,6.2304,0.6295,66.8645,9.6487,0.2765,0.1094,9,0,5.5308,55.2047,0.3722,238.7114
BayesA,Chickpea,Pods_per_plant,10,0.4187,7069.5273,2774.9753,0.4303,0.05705,26.7656,1.2729,1147.6669,115.4061,0.1811,0.05338,9,0,28.9896,1349.777,0.1721,295.6497
BayesC,Chickpea,Plant_height,10,0.5957,6948.7773,2667.8276,0.5784,0.03351,6.4218,0.3875,68.1376,8.9126,0.3055,0.05222,9,0,5.5486,50.4728,0.3397,258.07796
BayesB,Chickpea,Pods_per_plant,10,0.4002,9126.9687,2711.4878,0.4313,0.06283,27.5122,1.2504,1227.836,123.7073,0.1221,0.08394,9,0,28.9148,1407.07385,0.1369,279.7641
rrBLUP,Wheat,blups,10,0.4438,13100.2382,5363.003624,0.4888,0.02996,227.4933,6.7619,85689.9959,5176.1584,0.238,0.02951,9,0,229.3849,88179.4546,0.1925,537.8651
BayesC,Chickpea,Days_to_0.5_flowering,10,0.5636,10397.1093,2336.9306,0.4888,0.04413,11.5697,1.08831,216.1449,39.9056,0.176,0.1259,9,0,10.1566,169.2016,0.2916,257.8146
BayesA,Chickpea,Days_to_maturity,10,0.5112,11178.75,2522.2612,0.5033,0.0307,8.6564,0.587,118.7804,15.5246,0.2511,0.03235,9,0,7.7743,98.6605,0.2601,271.4167
BayesB,Chickpea,Days_to_maturity,10,0.4956,8755.5234,2347.5092,0.4919,0.0335,9.5412,1.478,144.4802,40.1637,0.07928,0.29,9,0,7.8127,102.7121,0.2297,249.2621
BayesC,Soybean,VBN_BLUP,10,0.6574,9916.9101,1387.4,0.6087,0.02817,0.5084,0.04329,0.4556,0.0432,0.3327,0.09106,9,0,0.4365,0.374,0.4266,133.7197
BayesA,Chickpea,Plant_height,10,0.5989,9383.9375,2084.6822,0.5822,0.03499,6.2378,0.3782,64.9429,7.3475,0.3373,0.04049,9,0,5.5832,50.1456,0.344,206.7809
BayesB,Chickpea,Plant_height,10,0.5889,7156.09765,1970.7801,0.5785,0.02967,6.6022,0.4159,72.02231,7.9026,0.2647,0.04971,9,0,5.7337,52.508,0.3131,196.1481
BayesC,Soybean,PLH_BLUP,10,0.5733,9915.789,1373.9849,0.5735,0.039,10.2374,0.5317,187.08878,19.1831,0.315,0.0431,9,0,9.6256,186.7012,0.3129,137.3131
BayesC,Soybean,BBD_BLUP,10,0.5879,6952.07812,1445.4826,0.5919,0.03385,5.3106,0.2589,52.4005,4.7711,0.3332,0.05898,9,0,5.2235,56.8031,0.3359,146.6666
BayesB,Chickpea,Days_to_0.5_flowering,10,0.5807,10539.1171,2040.2799,0.4899,0.04347,11.7828,1.1038,220.5286,35.1521,0.1576,0.1184,9,0,10.9002,174.1545,0.2709,200.3465
BayesA,Chickpea,Days_to_0.5_flowering,10,0.5608,9353.5742,2148.15,0.4927,0.04404,11.04244,0.5753,199.06937,19.03357,0.2396,0.04336,9,0,10.2811,164.04152,0.3132,206.955
rrBLUP,Chickpea,Yield,10,0.4771,17276.371,1051.6106,0.47,0.04719,404.496,20.8729,2.4973e+5,23275.5107,0.2165,0.04506,9,0,400.6953,2.5095e+5,0.2271,107.8264
rrBLUP,Chickpea,Yield_per_plant,10,0.2358,17276.6093,1310.7155,0.1683,0.06097,4.3956,0.1524,31.5843,2.9736,0.02315,0.02153,9,0,4.3891,29.2532,0.05025,131.9811
BayesA,Soybean,VBN_BLUP,10,0.672,12298.4257,1763.7676,0.6142,0.02963,0.4888,0.02889,0.4312,0.04057,0.3722,0.03928,9,0,0.4284,0.3604,0.4476,162.9819
BayesB,Soybean,VBN_BLUP,10,0.6706,6335.7343,1788.2833,0.6064,0.0326,0.4977,0.02525,0.4451,0.04046,0.3516,0.04355,9,0,0.4599,0.3864,0.4077,165.6112
BayesC,Soybean,VBN_BLUP,10,0.6574,12182.3867,1793.516,0.6087,0.02817,0.5084,0.04329,0.4556,0.0432,0.3327,0.09106,9,0,0.4365,0.374,0.4266,181.7745
rrBLUP,Chickpea,Seeds_per_pod,10,0.4251,14713.875,1364.9593,0.3873,0.02435,0.2043,0.007098,0.06477,0.005094,0.1455,0.01774,9,0,0.2095,0.0685,0.1769,129.8652
BayesA,Soybean,PLH_BLUP,10,0.5875,12459.8046,1771.3354,0.5875,0.03808,10.04897,0.4258,179.9247,16.8728,0.3402,0.04656,9,0,9.5404,177.9448,0.3452,177.4571
BayesB,Soybean,PLH_BLUP,10,0.5731,8546.8828,1767.1446,0.5746,0.03553,10.3522,0.5041,188.9715,18.301,0.3067,0.05402,9,0,9.6496,182.9662,0.3267,196.6973
BayesC,Soybean,PLH_BLUP,10,0.5733,10454.3554,1682.6343,0.5735,0.039,10.2374,0.5317,187.08878,19.1831,0.315,0.0431,9,0,9.6256,186.7012,0.3129,194.9324
rrBLUP,Chickpea,Basal_secondary_branch,10,0.2092,14804.3359,-,-,-,-,-,-,-,-,-,8,0,1.09198,1.8625,0.02508,114.07097
rrBLUP,Chickpea,Basal_primary_branch,10,0.2611,14222.9335,1032.8456,0.2122,0.05084,0.5574,0.02382,0.5061,0.04748,0.0429,0.02138,9,0,0.5954,0.5863,0.06198,115.5289
BayesA,Soybean,BBD_BLUP,10,0.6114,10264.3789,1698.3653,0.6064,0.03218,5.151,0.2038,50.3758,3.6881,0.3588,0.0461,9,0,5.06843,53.5808,0.3735,170.4443
BayesB,Soybean,BBD_BLUP,10,0.6047,9673.457,1690.07723,0.6096,0.03706,5.2978,0.266,52.1326,4.3725,0.3339,0.08294,9,0,5.1758,54.3428,0.3646,169.7496
BayesC,Soybean,BBD_BLUP,10,0.5879,9822.6796,1569.5719,0.5919,0.03385,5.3106,0.2589,52.4005,4.7711,0.3332,0.05898,9,0,5.2235,56.8031,0.3359,161.03733
BayesC,Rapeseed,FloweringTime,10,0.7901,1969.8984,92.2941,0.8086,0.02895,5.201,1.6281,52.9466,25.8371,0.5016,0.245,9,0,9.7211,115.9534,-0.1876,14.02038
rrBLUP,Chickpea,Apical_secondary_branch,10,0.2874,13688.4179,905.02686,0.3082,0.04371,1.4725,0.06777,3.4675,0.3314,0.08765,0.03023,9,0,1.4438,3.3294,0.06791,93.6103
BayesB,Rapeseed,FloweringTime,10,0.7832,2125.2812,106.4743,0.8001,0.03563,4.5807,0.7411,44.5808,15.3276,0.593,0.084,9,0,4.9876,46.2461,0.5263,9.9804
BayesA,Rapeseed,FloweringTime,10,0.8238,2087.7421,105.1353,0.8179,0.02909,4.01558,0.3573,37.9778,13.2452,0.6562,0.04562,9,0,3.9588,31.9577,0.6726,12.8912
rrBLUP,Chickpea,Apical_primary_branch,10,0.1411,12568.6796,901.5538,0.08642,0.07154,0.5404,0.02374,0.5055,0.03934,0.00248,0.0138,9,0,0.5317,0.4584,0.017,92.4135
rrBLUP,Chickpea,Plant_width,10,0.4795,12033.4921,889.3375,0.4259,0.03022,6.8306,0.2871,73.8076,5.1888,0.1778,0.02774,9,0,6.3052,63.12,0.2256,92.5069
rrBLUP,Chickpea,Flowering_duration,10,0.2516,9636.6289,912.03795,0.251,0.02756,5.8433,0.2997,52.4071,6.04991,0.05935,0.01534,9,0,5.9293,54.8254,0.06309,94.1184
rrBLUP,Chickpea,Hundred_seed_weight,10,0.6377,10967.6992,910.9627,0.6301,0.02991,5.5314,0.2543,56.2847,5.449,0.393,0.03918,9,0,5.4372,52.382,0.4043,95.4151
rrBLUP,Chickpea,Pods_per_plant,10,0.4284,10431.7148,908.5379,0.4398,0.05748,26.5657,1.2829,1133.8725,113.05831,0.191,0.05034,9,0,28.9357,1334.8549,0.1812,82.03503
rrBLUP,Chickpea,Days_to_maturity,10,0.5134,9556.007812,955.4094,0.5045,0.0335,8.6511,0.6031,118.617,15.8887,0.2523,0.03476,9,0,7.7371,98.2945,0.2629,98.2887
BayesB,Pig,bf,10,0.7094,9437.3945,1514.8256,0.6843,0.0265,2.03232,0.1236,6.8342,0.7384,0.4424,0.04915,9,0,2.06864,6.9393,0.4735,143.5538
BayesA,Pig,bf,10,0.7064,9909.2617,1580.06222,0.6882,0.02675,1.9784,0.09305,6.4526,0.5667,0.4733,0.03704,9,0,2.01374,6.6504,0.4954,149.2367
BayesC,Pig,bf,10,0.6973,9258.7226,1487.584,0.6837,0.02479,2.09357,0.1667,7.1867,1.03664,0.4126,0.0829,9,0,2.04702,6.818,0.4827,140.5071
rrBLUP,Chickpea,Plant_height,10,0.6004,11473.164,1055.05508,0.5857,0.03313,6.2206,0.3723,64.5081,7.1467,0.3417,0.03786,9,0,5.5426,49.8471,0.3479,103.948
BayesB,Pig,age,10,0.6878,9562.789,1560.5166,0.6849,0.01871,9.9195,1.3668,152.9855,33.905,0.3539,0.1502,9,0,8.5117,117.8583,0.4658,149.2335
BayesA,Pig,age,10,0.6993,9979.6484,1691.005522,0.6879,0.01853,8.794,0.3268,125.5822,7.925,0.4706,0.02747,9,0,8.2843,112.8923,0.4883,159.2166
rrBLUP,Chickpea,Days_to_0.5_flowering,10,0.569,10491.3281,1055.6676,0.4971,0.04395,11.02521,0.5793,197.9681,19.09306,0.2439,0.04323,9,0,10.2084,162.1891,0.3209,100.4488
BayesC,Pig,age,10,0.6974,9836.5898,1524.9384,0.6861,0.01653,9.3053,0.5426,135.1091,11.7293,0.4313,0.03339,9,0,8.4641,119.3373,0.4591,167.9212
BayesB,Millet,SGN,10,0.3291,2850.5507,224.3691,0.369,0.1004,22.8943,1.3328,855.233,128.8649,0.08011,0.1095,9,0,25.2549,857.7141,0.09678,27.7341
BayesA,Millet,SGN,10,0.2983,2439.707,214.5582,0.3645,0.1082,22.8016,1.8368,833.6432,143.09917,0.1062,0.1097,9,0,25.9412,902.719,0.04938,21.3852
BayesB,Millet,MSSN,10,0.3675,2724.6289,216.1985,0.33,0.08135,13.08061,1.4511,284.3881,78.9573,0.03438,0.09656,9,0,12.8566,270.8763,0.134,21.1343
BayesC,Millet,SGN,10,0.34,2481.6015,193.2701,0.38,0.1044,22.5602,1.506,824.4396,145.9087,0.1151,0.1155,9,0,24.5729,841.8444,0.1134,18.2694
BayesA,Millet,MSSN,10,0.3835,2545.2226,218.3659,0.3295,0.07968,12.6688,1.09435,269.0574,51.2086,0.0725,0.07379,9,0,12.6896,272.2355,0.1297,21.4999
BayesB,Millet,HKW,10,0.3564,2419.5117,214.598,0.264,0.1248,0.1926,0.07802,0.3975,0.6967,-19.8953,18.782,9,0,0.07346,0.008741,-2.3993,20.9165
BayesC,Millet,MSSN,10,0.359,2300.5859,189.4894,0.345,0.07274,13.4151,2.09558,296.1031,90.2185,-0.0237,0.2963,9,0,12.79,275.0742,0.1206,18.733
BayesA,Millet,HKW,10,0.2454,2913.9023,236.1735,0.2256,0.1039,0.1439,0.04171,0.3803,0.7008,-12.09788,8.2327,9,0,0.1067,0.02353,-8.151,20.6499
BayesB,Millet,PGW,10,0.1634,2529.4062,246.1148,0.2851,0.1298,3.967,0.3784,25.133,4.797,0.03567,0.05919,9,0,4.5861,31.9274,0.0133,21.6441
BayesC,Millet,HKW,10,0.3615,2590.8593,229.6601,0.2882,0.1274,0.1131,0.05101,0.366,0.7142,-4.2274,3.6467,9,0,0.07994,0.009735,-2.786,18.7346
BayesA,Millet,PGW,10,0.1849,2871.789,278.8547,0.2885,0.1138,3.9177,0.4474,24.681,5.3404,0.057,0.08929,9,0,4.6198,31.8387,0.01605,26.831
BayesB,Millet,MSPW,10,0.1146,2599.9765,288.2637,0.2849,0.1244,4.6274,0.5152,33.9978,7.7544,0.04593,0.07813,9,0,5.3563,46.2314,-0.04696,31.6259
BayesC,Millet,PGW,10,0.135,2571.8554,270.8794,0.2753,0.1302,3.8868,0.441,24.9083,5.4179,0.04746,0.09885,9,0,4.5954,32.6674,-0.009557,28.6252
BayesA,Millet,MSPW,10,0.1267,2717.789,231.8971,0.2954,0.1273,4.5653,0.5453,33.2598,7.7166,0.06558,0.09587,9,0,5.4231,45.1098,-0.02156,23.6317
BayesC,Millet,MSPW,10,0.1013,2975.207,193.5099,0.2921,0.123,4.6242,0.5404,34.1282,7.03906,0.03513,0.1046,9,0,5.3073,44.3006,-0.003235,17.7687
BayesB,Millet,FNL,10,0.5148,2410.1953,218.3743,0.5394,0.1203,4.04662,0.5914,37.7185,36.4973,0.1795,0.1802,9,0,3.7911,24.5344,0.1932,21.3232
BayesA,Millet,FNL,10,0.5042,2405.8242,213.5771,0.5282,0.1328,3.8769,0.4782,35.1865,36.2497,0.2526,0.1363,9,0,3.6865,25.5025,0.1613,20.6812
BayesC,Millet,FNL,10,0.535,2644.09765,188.868,0.5475,0.1205,3.9591,0.6177,36.06375,36.1999,0.2298,0.1602,9,0,3.5643,23.5976,0.224,18.869
BayesB,Millet,MSPD,10,0.6383,2396.2578,226.105,0.6668,0.04109,6.1335,0.4851,60.9646,11.5493,0.3832,0.09131,9,0,6.24,59.05023,0.3849,22.8114
BayesA,Millet,MSPD,10,0.6344,2380.7148,228.0817,0.6621,0.0538,5.9355,0.5039,56.5535,10.4333,0.4295,0.07365,9,0,6.2149,58.8461,0.387,20.7602
BayesC,Millet,MSPD,10,0.6351,2523.4257,212.2626,0.6314,0.0529,6.2327,0.4716,63.1774,9.8474,0.3615,0.07001,9,0,6.3777,61.5317,0.3591,19.8876
BayesB,Millet,MSPL,10,0.6288,2648.5468,262.4458,0.5793,0.08552,3.5885,0.4453,20.5584,5.322,0.2502,0.1534,9,0,3.3408,17.5694,0.3476,23.1696
BayesA,Millet,MSPL,10,0.6321,2576.7304,265.07756,0.5683,0.07247,3.4022,0.2868,18.6228,2.4629,0.3152,0.09135,9,0,3.08971,16.3215,0.394,25.225
BayesC,Millet,MSPL,10,0.6313,2528.5742,228.8705,0.5669,0.08586,3.4986,0.3099,19.6032,2.8552,0.2787,0.1091,9,0,3.06229,16.6692,0.381,26.7947
rrBLUP,Soybean,VBN_BLUP,10,0.6732,8843.007812,430.9399,0.6144,0.03004,0.4888,0.028,0.4309,0.04032,0.3728,0.03623,9,0,0.4336,0.3627,0.444,43.3418
BayesB,Millet,MSW,10,0.6641,2418.207,251.2765,0.6282,0.0575,1.2895,0.129,2.6481,0.4703,0.3499,0.113,9,0,1.1599,2.1702,0.4405,25.716
BayesA,Millet,MSW,10,0.611,2640.7812,259.3298,0.6073,0.05017,1.2689,0.1254,2.6297,0.4468,0.3604,0.06311,9,0,1.2175,2.4846,0.3594,23.7445
BayesC,Millet,MSW,10,0.613,2697.1953,264.1804,0.5984,0.06317,1.3431,0.1294,2.9114,0.496,0.2913,0.08257,9,0,1.2055,2.4396,0.371,29.1582
BayesB,Millet,MSH,10,0.1744,2418.01953,268.5053,0.3003,0.08558,11.3299,0.5512,202.5144,25.1477,0.02101,0.05826,9,0,11.4498,209.4445,-0.01475,28.4946
BayesC,Millet,MSH,10,0.1867,2421.6796,237.8867,0.316,0.08564,11.33,0.9829,199.3856,36.7299,0.03982,0.1074,9,0,11.2542,207.3702,-0.004708,26.4715
BayesA,Millet,MSH,10,0.1586,2536.3554,257.249,0.3116,0.08419,11.1771,0.5787,193.1605,22.9176,0.06387,0.0801,9,0,11.8373,223.8583,-0.08459,22.04353
rrBLUP,Soybean,PLH_BLUP,10,0.5775,8455.9804,421.1741,0.5801,0.03584,10.103,0.4633,182.5245,17.3374,0.3313,0.04055,9,0,9.4772,181.2223,0.3331,39.5165
BayesB,Millet,TSLW,10,0.2973,2346.1953,-,-,-,-,-,-,-,-,-,8,0,0.2746,0.1198,-0.06552,30.1839
BayesC,Millet,TSLW,10,0.3304,2363.4687,244.6768,0.4489,0.08047,0.2519,0.04032,0.102,0.03004,0.1063,0.1471,9,0,0.3034,0.151,0.09818,20.3986
BayesA,Millet,TSLW,10,0.3329,2369.6523,256.9342,0.4365,0.07436,0.2425,0.03382,0.09498,0.02616,0.1698,0.0675,9,0,0.3067,0.149,0.1101,29.04015
BayesB,Millet,TSLL,10,0.6149,2297.8125,264.4244,0.4985,0.08383,5.3224,0.4267,44.8595,6.5987,0.1938,0.1129,9,0,5.06856,39.8275,0.2485,26.7061
rrBLUP,Soybean,BBD_BLUP,10,0.5963,8840.7382,427.01358,0.608,0.02888,5.151,0.2246,50.1755,4.09865,0.3623,0.03828,9,0,5.1181,55.2421,0.3541,47.6318
BayesC,Millet,TSLL,10,0.6021,2318.1132,226.7873,0.5037,0.08367,5.1196,0.3788,41.9434,5.8059,0.2466,0.08794,9,0,4.6375,34.5765,0.3476,23.8162
BayesA,Millet,TSLL,10,0.6118,2495.2031,239.8164,0.5063,0.08753,5.1173,0.4132,41.6711,5.9835,0.2509,0.09706,9,0,4.4951,33.2676,0.3722,23.7131
rrBLUP,Rice,GYP_BLUP,10,0.1537,905.8281,42.1079,0.3219,0.08375,1.9599,0.227,6.5979,1.7262,0.09382,0.05157,9,0,2.118,6.4355,-0.008088,4.7214
rrBLUP,Rice,PPNP_BLUP,10,0.4827,869.5546,41.3011,0.4506,0.09764,0.7956,0.07239,1.04243,0.2196,0.182,0.08674,9,0,0.8218,1.09635,0.2309,3.9143
rrBLUP,Rice,PH_BLUP,10,0.4661,875.457,42.3416,0.4193,0.05719,7.5712,0.9044,101.08074,29.8147,0.1473,0.04793,9,0,6.6618,68.5925,0.2095,4.4223
rrBLUP,Rice,HD_BLUP,10,0.3313,894.6757,43.8658,0.5447,0.09905,6.723,0.5902,72.1376,11.4659,0.2836,0.1153,9,0,7.3305,84.623,0.03068,3.5675
rrBLUP,Rice,TGW_BLUP,10,0.1867,904.1054,43.8411,0.2618,0.1074,2.02044,0.1864,7.06384,1.5399,0.05243,0.05421,9,0,1.8698,6.8775,0.02582,3.9716
rrBLUP,Rice,GW_BLUP,10,0.7893,900.621,44.3817,0.812,0.03567,0.1534,0.01918,0.03873,0.009069,0.6527,0.05711,9,0,0.1764,0.04875,0.6226,4.3327
rrBLUP,Rice,GL_BLUP,10,0.7965,907.1679,-,-,-,-,-,-,-,-,-,7,0,0.5011,0.4334,0.6332,3.443
rrBLUP,Rapeseed,FloweringTime,10,0.8047,1378.7773,59.5551,0.8178,0.02787,4.1057,0.3604,37.8297,12.2934,0.6553,0.04429,9,0,4.2926,35.09452,0.6405,5.6364
rrBLUP,Pig,bf,10,0.7069,10258.3828,693.9887,0.6874,0.02733,1.9782,0.09524,6.4664,0.575,0.4722,0.03772,9,0,2.01137,6.6403,0.4962,67.8158
BayesB,Maize,EW,10,0.3923,7860.5078,1788.3255,0.4901,0.06737,11.8935,0.6887,229.8674,26.9151,0.2114,0.07527,9,0,11.1305,200.3276,0.1146,177.3397
BayesA,Maize,EW,10,0.4302,6319.6171,1799.2987,0.5023,0.06468,11.6094,0.6767,220.9461,28.9881,0.2436,0.06974,9,0,10.9301,192.4378,0.1495,176.2693
BayesC,Maize,EW,10,0.4145,7785.8828,1757.5217,0.4885,0.05991,12.1956,1.02571,240.9426,35.1888,0.1704,0.1321,9,0,11.1271,203.3081,0.1014,163.6581
rrBLUP,Pig,age,10,0.6971,10257.8476,731.9434,0.6897,0.01672,8.7738,0.3114,124.9316,7.2318,0.4733,0.02403,9,0,8.3104,113.5428,0.4854,76.5069
rrBLUP,Millet,SGN,10,0.3432,1999.8671,59.4101,0.3935,0.1001,22.314,1.3632,798.6286,114.4384,0.1422,0.08358,9,0,24.8509,846.2827,0.1088,5.1451
rrBLUP,Millet,MSSN,10,0.3871,1629.5976,63.8051,0.3413,0.0726,12.4736,1.252,263.6521,58.009797,0.09702,0.05916,9,0,12.5184,270.2145,0.1361,6.5697
rrBLUP,Millet,HKW,10,0.3862,2226.4062,60.2541,0.4365,0.1591,0.06838,0.05504,0.3576,0.7185,-0.255,0.198,9,0,0.04445,0.003741,-0.4549,6.3808
rrBLUP,Millet,PGW,10,0.183,1884.6523,65.1806,0.2968,0.1223,3.8519,0.417,24.18,5.1759,0.07719,0.06245,9,0,4.5368,31.3643,0.03071,5.4651
rrBLUP,Millet,MSPW,10,0.1444,1880.8906,64.7774,0.3031,0.1278,4.521,0.5167,32.7342,7.2919,0.08036,0.0685,9,0,5.2558,43.6094,0.01241,5.8702
rrBLUP,Millet,FNL,10,0.5294,1884.7421,61.7617,0.5502,0.129,3.7618,0.4866,33.7023,35.8409,0.2967,0.122,9,0,3.5909,23.0715,0.2413,5.5873
rrBLUP,Millet,MSPD,10,0.6181,1872.5312,62.7127,0.6452,0.05357,6.01996,0.5438,58.5924,11.4829,0.4107,0.07294,9,0,6.2699,60.2934,0.372,5.7428
rrBLUP,Millet,MSPL,10,0.6514,1886.3085,63.4929,0.5738,0.07766,3.3729,0.2836,18.3503,2.5565,0.3257,0.09103,9,0,3.05604,15.7586,0.4149,6.08561
rrBLUP,Millet,MSW,10,0.6091,1767.1328,65.1408,0.607,0.05593,1.2687,0.1355,2.6286,0.4899,0.3623,0.06771,9,0,1.226,2.4907,0.3578,6.8506
rrBLUP,Millet,MSH,10,0.1874,1776.5273,58.6712,0.3142,0.08148,11.07505,0.6003,189.952,24.6844,0.08206,0.05985,9,0,11.5496,213.6085,-0.03493,4.9955
rrBLUP,Millet,TSLW,10,0.3585,2133.125,63.4904,0.4441,0.06933,0.24,0.03378,0.09358,0.0257,0.1824,0.06112,9,0,0.3035,0.1464,0.1256,6.4084
rrBLUP,Millet,TSLL,10,0.6211,1982.3085,67.2518,0.5106,0.08404,5.09007,0.4334,41.4124,6.2809,0.2574,0.08774,9,0,4.46,32.9491,0.3783,6.1738
BayesB,Maize,PH,10,0.6375,7858.3476,1718.3051,0.6551,0.05502,12.5044,1.2109,257.8793,48.1864,0.3999,0.08657,9,0,12.557,267.465,0.404,181.9456
BayesA,Maize,PH,10,0.6242,7826.2812,1655.1577,0.6587,0.05214,12.1759,1.1293,245.484,43.5614,0.4293,0.07042,9,0,12.7723,275.555,0.3859,187.5144
BayesC,Maize,PH,10,0.63,7410.746,1586.8741,0.6503,0.04426,12.5686,1.0762,256.1411,42.7455,0.4045,0.06424,9,0,13.09096,287.8438,0.3586,158.5821
rrBLUP,Maize,EW,10,0.4215,8886.07812,568.246,0.5085,0.06549,11.5743,0.7015,219.3082,29.1059,0.2492,0.07174,9,0,10.9711,194.747,0.1393,58.846
rrBLUP,Maize,PH,10,0.6278,9194.6367,563.7698,0.6625,0.04889,12.1295,1.1039,244.2848,42.1629,0.4313,0.07234,9,0,12.6798,274.7502,0.3877,53.1319
BayesC,Maize,DTT,10,0.6827,8168.207,1521.9057,0.637,0.05314,1.773,0.147,5.08632,0.7375,0.3741,0.06197,9,0,1.4792,3.586,0.4533,152.1371
BayesB,Maize,DTT,10,0.6641,8239.3125,1651.7212,0.6371,0.05361,1.7627,0.1372,5.05477,0.7381,0.3783,0.0609,9,0,1.5371,3.8158,0.4182,168.07939
BayesA,Maize,DTT,10,0.6804,7324.5742,1594.3967,0.6522,0.05166,1.7122,0.1072,4.7467,0.5814,0.4139,0.06112,9,0,1.4951,3.5772,0.4546,152.3949
rrBLUP,Maize,DTT,10,0.6979,8439.207,544.129,0.6516,0.05408,1.707,0.1051,4.7537,0.6251,0.4131,0.06943,9,0,1.4768,3.3986,0.4818,55.01456
rrBLUP,Loblolly_Pine,stiffnessTree,10,0.5178,1231.1718,66.4066,0.2814,0.1142,0.8817,0.08027,1.3637,0.2652,0.0658,0.07743,9,0,0.7587,0.9869,0.2253,6.2619
rrBLUP,Loblolly_Pine,lignin,10,-0.08445,1200.2851,61.5145,0.1496,0.1183,0.9022,0.03193,1.3988,0.07709,0.007008,0.02217,9,0,0.8947,1.4065,-0.0478,5.1463
BayesA,Loblolly_Pine,stiffnessTree,10,0.5233,1871.832,72.1758,0.2743,0.1192,0.8854,0.08065,1.3697,0.2632,0.06045,0.0904,9,0,0.7464,0.9475,0.2562,6.5523
BayesB,Loblolly_Pine,stiffnessTree,10,0.4928,1754.4296,70.4853,0.2605,0.1162,0.8964,0.07481,1.3911,0.2474,0.0433,0.0888,9,0,0.7836,1.00249,0.2131,6.8457
BayesC,Loblolly_Pine,stiffnessTree,10,0.5204,1821.7968,66.2979,0.2907,0.1007,0.8888,0.08491,1.3706,0.2735,0.06254,0.07445,9,0,0.7519,0.9708,0.2379,5.8302
rrBLUP,Loblolly_Pine,lateWood%4,10,0.04511,1240.5156,70.1415,0.1824,0.07029,1.1888,0.08114,2.3426,0.3089,0.02325,0.02927,9,0,1.1333,2.1954,-0.03728,6.5897
BayesB,Loblolly_Pine,lignin,10,-0.05995,1816.1992,67.3199,0.1478,0.09913,0.9021,0.03238,1.4037,0.09123,0.00341,0.04617,9,0,0.924,1.5137,-0.1276,7.1532
BayesA,Loblolly_Pine,lignin,10,-0.04549,1748.7148,72.7935,0.1499,0.1146,0.8978,0.03102,1.3993,0.1152,0.006836,0.06141,9,0,0.9181,1.5001,-0.1175,6.7247
BayesC,Loblolly_Pine,lignin,10,-0.04215,1821.8867,64.7652,0.1365,0.1003,0.9003,0.03201,1.4028,0.09542,0.004519,0.0362,9,0,0.9112,1.4268,-0.06295,4.9121
rrBLUP,Loblolly_Pine,density,10,0.1625,1194.02734,70.9182,0.1751,0.06772,1.6869,0.1365,5.9893,1.1525,0.01016,0.02652,9,0,1.7092,5.4989,0.01868,6.4223
BayesB,Loblolly_Pine,lateWood%4,10,0.03193,1847.03515,72.06585,0.1551,0.1031,1.2006,0.07673,2.3778,0.2725,0.005151,0.05987,9,0,1.1527,2.2933,-0.08353,6.6518
BayesA,Loblolly_Pine,lateWood%4,10,0.03927,1825.539,74.3533,0.1664,0.06786,1.198,0.08135,2.3819,0.305,0.005795,0.0448,9,0,1.1526,2.2963,-0.08491,5.7769
BayesC,Loblolly_Pine,lateWood%4,10,0.009591,1821.8164,81.06811,0.1783,0.0894,1.1993,0.08998,2.3549,0.3285,0.01876,0.03978,9,0,1.1542,2.2459,-0.06111,6.9989
BayesB,Loblolly_Pine,density,10,0.02461,1924.1093,98.7327,0.1101,0.07414,1.7214,0.14,6.08162,1.1338,-0.005887,0.02763,9,0,1.7687,5.7742,-0.03042,11.0394
BayesA,Loblolly_Pine,density,10,0.1964,1794.5429,115.04748,0.1615,0.07017,1.6946,0.1311,6.01174,1.06923,0.003466,0.04325,9,0,1.6897,5.4496,0.02748,8.3306
BayesC,Loblolly_Pine,density,10,0.2276,1821.8867,108.3082,0.1381,0.07786,1.7011,0.1296,6.06382,1.1128,-0.003588,0.03191,9,0,1.7251,5.4622,0.02524,10.7584
rrBLUP,Loblolly_Pine,c5c6,10,0.2035,1203.7617,191.1124,0.1852,0.07842,1.9446,0.1485,6.6807,0.8117,0.02678,0.02245,9,0,2.1686,7.9628,0.03287,6.9363
BayesB,Loblolly_Pine,c5c6,10,0.2095,1769.3554,94.8559,0.2131,0.08859,1.9288,0.1359,6.6075,0.7526,0.03554,0.03913,9,0,2.1612,7.9703,0.03196,9.6168
BayesC,Loblolly_Pine,c5c6,10,0.1565,1795.4882,67.6515,0.1923,0.08128,1.9469,0.1428,6.6764,0.8183,0.02704,0.0339,9,0,2.1957,8.1174,0.01409,6.4252
BayesA,Loblolly_Pine,c5c6,10,0.2019,1809.6093,87.3946,0.1888,0.07911,1.9508,0.1459,6.6785,0.8157,0.02626,0.04471,9,0,2.1972,7.9524,0.03414,9.5298
rrBLUP,Loblolly_Pine,rootnumbin,10,0.1782,1121.207,82.4639,0.1755,0.04863,0.2062,0.02326,0.06438,0.01433,0.01931,0.02091,9,0,0.1923,0.05606,0.02749,11.8508
BayesC,Loblolly_Pine,rootnumbin,10,0.2021,1702.2304,69.4449,0.1906,0.06646,0.2059,0.02222,0.06427,0.01382,0.01964,0.03127,9,0,0.1918,0.05542,0.03864,8.04996
BayesB,Loblolly_Pine,rootnumbin,10,0.09536,1723.1523,75.182,0.1261,0.09789,0.2084,0.02416,0.06579,0.01396,-0.004429,0.04369,9,0,0.195,0.05827,-0.01072,7.8416
BayesA,Loblolly_Pine,rootnumbin,10,0.1639,1762.4296,71.348,0.1581,0.04527,0.2073,0.02191,0.06529,0.01391,0.002987,0.03033,9,0,0.1929,0.05728,0.006364,7.8015
rrBLUP,Loblolly_Pine,rootnum,10,0.1732,1220.289,75.1221,0.1507,0.0294,0.7442,0.08268,0.8998,0.177,0.01686,0.007564,9,0,0.6983,0.7555,0.01678,7.9485
BayesC,Loblolly_Pine,rootnum,10,0.1467,1701.6445,-,-,-,-,-,-,-,-,-,8,0,0.7346,0.8892,0.01762,7.3045
BayesB,Loblolly_Pine,rootnum,10,0.1226,1700.9414,66.6598,0.1721,0.07016,0.7441,0.08394,0.8974,0.1724,0.01826,0.02521,9,0,0.7041,0.7666,0.002327,7.3331
BayesA,Loblolly_Pine,rootnum,10,0.1852,1746.6523,-,-,-,-,-,-,-,-,-,8,0,0.7386,0.8865,0.02068,6.4742
rrBLUP,Cotton,FibElo_17_18,10,0.4634,894.8945,49.79,0.4955,0.05218,0.643,0.0569,0.6868,0.1281,0.2416,0.05283,9,0,0.6536,0.7543,0.2132,1.3426
rrBLUP,Cotton,FibMic_17_18,10,0.4587,887.3789,52.6289,0.5118,0.07055,0.2281,0.01434,0.08555,0.00969,0.2561,0.0728,9,0,0.1988,0.0692,0.2039,5.5925
BayesC,Cotton,FibElo_17_18,10,0.4521,1440.4375,16.05191,0.4992,0.06081,0.6499,0.05687,0.7011,0.1293,0.2252,0.05588,9,0,0.6607,0.7682,0.1987,1.5354
BayesB,Cotton,FibElo_17_18,10,0.4616,1444.1562,16.6663,0.4972,0.05883,0.6453,0.05333,0.6985,0.1277,0.2275,0.06489,9,0,0.659,0.7834,0.1829,1.2026
BayesC,Cotton,FibMic_17_18,10,0.4339,1439.5507,15.06696,0.5075,0.06662,0.2299,0.01258,0.08699,0.009602,0.2436,0.06886,9,0,0.2028,0.07119,0.181,1.3272
BayesA,Cotton,FibElo_17_18,10,0.4583,1445.9179,16.9365,0.4983,0.05686,0.6407,0.05707,0.6837,0.1277,0.2449,0.05708,9,0,0.6552,0.7588,0.2085,1.0498
rrBLUP,Cotton,FibStr_17_18,10,0.5895,879.957,59.4138,0.6112,0.09028,1.1214,0.04588,2.03305,0.2057,0.3587,0.1152,9,0,1.1373,2.2601,0.3439,5.2609
BayesB,Cotton,FibMic_17_18,10,0.4311,1440.789,15.267,0.5011,0.07052,0.2323,0.01484,0.08825,0.008921,0.232,0.06939,9,0,0.2024,0.07143,0.1783,2.3601
BayesC,Cotton,FibStr_17_18,10,0.5896,1432.5429,15.4044,0.6029,0.09532,1.1276,0.05569,2.08584,0.2199,0.3422,0.1196,9,0,1.1625,2.3719,0.3114,1.3459
BayesA,Cotton,FibMic_17_18,10,0.4396,1445.1875,15.3659,0.5089,0.07042,0.2288,0.01403,0.08583,0.00955,0.2534,0.07312,9,0,0.2027,0.0708,0.1855,1.1696
BayesB,Cotton,FibStr_17_18,10,0.5951,1435.914,18.7015,0.6052,0.08846,1.1245,0.05116,2.05944,0.2048,0.351,0.1132,9,0,1.1537,2.2462,0.3479,1.976
BayesC,Cotton,FibLen_17_18,10,0.6248,1402.3476,18.5921,0.586,0.109,1.02078,0.07008,1.7695,0.1802,0.3125,0.1682,9,0,0.9754,1.7138,0.3699,1.2443
BayesA,Cotton,FibStr_17_18,10,0.5953,1434.6601,16.3523,0.613,0.09113,1.1174,0.05034,2.02642,0.2117,0.3606,0.1174,9,0,1.1433,2.2365,0.3507,1.2106
BayesB,Cotton,FibLen_17_18,10,0.6031,1411.7226,17.4135,0.5843,0.1104,1.02946,0.06933,1.7882,0.1537,0.3036,0.1709,9,0,0.9795,1.7522,0.3557,1.182
BayesA,Cotton,FibLen_17_18,10,0.6105,1401.1406,18.8519,0.5907,0.1107,1.01743,0.0612,1.7364,0.15,0.3225,0.1738,9,0,0.9706,1.7275,0.3648,1.271
rrBLUP,Cotton,FibLen_17_18,10,0.628,885.007812,65.6949,0.5935,0.1142,1.01056,0.06438,1.7234,0.1554,0.3275,0.174,9,0,0.9547,1.6649,0.3878,5.8943
BayesB,Chicken,EW36,10,0.1859,1766.3242,72.906,0.336,0.09617,2.659,0.2148,10.7002,1.7979,-0.007389,0.13,9,0,2.8483,11.9515,-0.2179,7.6913
BayesC,Chicken,EW36,10,0.2284,1768.9492,69.7094,0.3478,0.09027,2.5162,0.1838,9.6199,1.2833,0.0952,0.07158,9,0,2.5088,9.4,0.0421,5.3094
BayesA,Chicken,EW36,10,0.2341,1682.3984,79.2423,0.3602,0.08699,2.4944,0.1584,9.4154,1.1463,0.1131,0.06842,9,0,2.5494,9.7128,0.01022,6.1724
rrBLUP,Chicken,EW36,10,0.2454,1242.2343,81.2736,0.3596,0.08891,2.4997,0.1557,9.4207,1.1613,0.1129,0.06563,9,0,2.5434,9.5917,0.02256,8.3421
BayesC,Chicken,EW28,10,0.2409,1692.4179,69.1102,0.3255,0.09689,2.6887,0.265,11.1564,2.1532,0.06135,0.08446,9,0,2.4758,9.7613,-0.01531,5.3273
BayesB,Chicken,EW28,10,0.2618,1640.03515,80.3298,0.3374,0.1016,2.6541,0.3151,10.9732,2.3267,0.07899,0.09307,9,0,2.4018,9.3414,0.02836,6.5363
BayesA,Chicken,EW28,10,0.2925,1713.7617,76.2931,0.3435,0.09108,2.6163,0.2721,10.6689,2.1448,0.104,0.07223,9,0,2.3743,9.05386,0.05826,6.5144
rrBLUP,Chicken,EW28,10,0.299,1182.121,81.02931,0.3414,0.08094,2.6228,0.2645,10.6825,2.0642,0.1022,0.0603,9,0,2.3598,8.987,0.06521,8.07497
BayesB,Cattle,scs,10,0.7425,18017.8359,3210.788,0.7481,0.02078,0.5496,0.04473,0.4797,0.07672,0.5191,0.06541,9,0,0.641,0.6154,0.4017,280.7186
rrBLUP,Cattle,scs,10,0.7474,17718.7343,1811.5987,0.7525,0.01936,0.5229,0.02173,0.4339,0.04136,0.5646,0.02846,9,0,0.5292,0.4543,0.5583,185.5588
BayesA,Cattle,scs,10,0.7464,15840.5195,3410.8032,0.752,0.02018,0.5228,0.02339,0.4357,0.04436,0.563,0.02884,9,0,0.5292,0.4574,0.5553,284.6263
BayesC,Cattle,scs,10,0.7368,13473.6445,3268.4679,0.7426,0.02226,0.547,0.02294,0.4728,0.04695,0.5253,0.03536,9,0,0.5619,0.4932,0.5205,272.7615
rrBLUP,Cattle,fpro,10,0.8418,14828.01171,1772.1845,0.8242,0.01093,0.4463,0.006204,0.3196,0.01067,0.6784,0.01854,9,0,0.4333,0.2918,0.7067,163.6225
BayesB,Cattle,fpro,10,0.8703,15003.7617,3551.05939,0.8667,0.009129,0.4125,0.01315,0.2725,0.01718,0.7262,0.01661,9,0,0.4231,0.2916,0.7068,324.2626
rrBLUP,Cattle,mkg,10,0.7892,11944.7265,1777.9728,0.781,0.0157,0.4958,0.015,0.3891,0.02229,0.6081,0.02394,9,0,0.4971,0.3948,0.6226,185.6875
BayesC,Cattle,fpro,10,0.8341,12722.4648,3114.7271,0.8161,0.01563,0.6766,0.2223,0.71,0.4034,0.2807,0.4187,9,0,0.6989,0.6855,0.3109,302.7237
BayesA,Cattle,fpro,10,0.8741,14486.25,3642.6216,0.8681,0.008515,0.3893,0.008517,0.2458,0.0115,0.7528,0.0139,9,0,0.3822,0.236,0.7627,372.1902
BayesC,Cattle,mkg,10,0.7759,10044.3515,2974.9357,0.7744,0.01687,0.585,0.1369,0.5422,0.2513,0.452,0.2583,9,0,0.5118,0.4191,0.5994,294.2631
BayesB,Cattle,mkg,10,0.792,12904.4765,3284.5151,0.7895,0.01602,0.4958,0.02017,0.3905,0.0343,0.6071,0.03049,9,0,0.532,0.4487,0.571,348.4111
BayesA,Cattle,mkg,10,0.7955,9936.05078,3151.2647,0.7932,0.01521,0.4849,0.01275,0.3705,0.0202,0.6268,0.0227,9,0,0.492,0.3845,0.6325,335.907
